Time_ms,Microphone
0,367
22,356
43,372
65,361
87,375
108,367
130,365
151,372
173,331
195,369
216,349
238,342
260,521
281,417
303,414
325,372
346,374
368,385
389,338
411,461
433,368
454,478
476,360
498,361
519,369
541,383
563,347
584,375
606,346
627,354
649,507
671,375
692,349
714,372
736,357
757,363
779,334
800,383
822,351
844,372
865,373
887,356
909,354
930,379
952,367
974,360
995,363
1017,370
1038,387
1060,359
1082,373
1103,377
1125,386
1147,358
1168,379
1190,319
1212,344
1233,369
1255,371
1276,358
1298,358
1320,386
1341,391
1363,351
1385,377
1406,359
1428,367
1450,376
1471,410
1493,411
1514,387
1536,364
1558,465
1579,373
1601,425
1623,365
1644,368
1666,336
1687,504
1709,365
1731,379
1752,453
1774,391
1796,341
1817,383
1839,371
1861,362
1882,364
1904,373
1925,527
1947,381
1969,381
1990,370
2012,390
2034,360
2055,355
2077,499
2098,344
2120,406
2142,348
2163,497
2185,363
2207,372
2228,367
2250,365
2272,381
2293,326
2315,387
2336,399
2358,543
2380,355
2401,362
2423,365
2445,380
2466,328
2488,440
2510,360
2531,344
2553,346
2574,373
2596,464
2618,348
2639,392
2661,324
2683,381
2704,368
2726,420
2747,362
2769,378
2791,407
2812,348
2834,361
2856,366
2877,518
2899,366
2921,423
2942,342
2964,527
2985,377
3007,525
3029,418
3050,317
3072,393
3094,327
3115,414
3137,345
3159,386
3180,328
3202,391
3223,369
3245,314
3267,389
3288,397
3310,422
3332,386
3353,367
3375,346
3396,343
3418,343
3440,366
3461,341
3483,357
3505,433
3526,453
3548,370
3570,393
3591,343
3613,370
3634,375
3656,350
3678,398
3699,383
3721,459
3743,351
3764,346
3786,364
3808,518
3829,342
3851,359
3872,327
3894,361
3916,377
3937,379
3959,373
3981,357
4002,374
4024,396
4045,327
4067,367
4089,347
4110,318
4132,355
4154,355
4175,361
4197,364
4219,385
4240,360
4262,351
4283,380
4305,367
4327,337
4348,347
4370,378
4392,371
4413,357
4435,377
4457,374
4478,363
4500,373
4521,350
4543,356
4565,362
4586,380
4608,363
4630,367
4651,368
4673,377
4694,367
4716,389
4738,471
4759,369
4781,361
4803,362
4824,383
4846,526
4868,373
4889,489
4911,364
4932,369
4954,376
4976,362
4997,367
5019,391
5041,390
5062,371
5084,370
5106,363
5127,389
5149,370
5170,369
5192,371
5214,362
5235,399
5257,365
5279,351
5300,369
5322,386
5343,374
5365,360
5387,495
5408,406
5430,374
5452,390
5473,364
5495,346
5517,356
5538,497
5560,369
5581,361
5603,380
5625,503
5646,383
5668,381
5690,362
5711,359
5733,376
5755,354
5776,333
5798,356
5819,411
5841,349
5863,376
5884,380
5906,334
5928,330
5949,374
5971,441
5992,361
6014,357
6036,361
6057,483
6079,355
6101,357
6122,353
6144,373
6166,378
6187,353
6209,382
6230,390
6252,360
6274,415
6295,356
6317,362
6339,365
6360,530
6382,351
6404,330
6425,343
6447,355
6468,466
6490,437
6512,364
6533,357
6555,340
6577,353
6598,396
6620,410
6642,378
6663,381
6685,379
6706,362
6728,350
6750,372
6771,332
6793,392
6815,311
6836,422
6858,351
6879,369
6901,372
6923,318
6944,387
6966,384
6988,340
7009,360
7031,462
7053,361
7074,357
7096,366
7117,381
7139,367
7161,322
7182,373
7204,374
7226,346
7247,347
7269,395
7290,365
7312,354
7334,357
7355,380
7377,484
7399,365
7420,379
7442,358
7464,399
7485,530
7507,464
7528,379
7550,372
7572,362
7593,379
7615,401
7637,327
7658,361
7680,373
7702,377
7723,372
7745,372
7766,380
7788,517
7810,367
7831,383
7853,358
7875,321
7896,366
7918,403
7939,353
7961,337
7983,389
8004,366
8026,392
8048,353
8069,389
8091,374
8113,387
8134,440
8156,374
8177,376
8199,357
8221,385
8242,365
8264,368
8286,370
8307,354
8329,357
8351,347
8372,401
8394,354
8415,348
8437,368
8459,361
8480,377
8502,491
8524,349
8545,390
8567,363
8588,329
8610,388
8632,366
8653,350
8675,360
8697,365
8718,370
8740,359
8762,368
8783,364
8805,369
8826,367
8848,357
8870,362
8891,371
8913,474
8935,376
8956,387
8978,366
9000,443
9021,366
9043,337
9064,375
9086,377
9108,387
9129,349
9151,394
9173,372
9194,382
9216,339
9237,354
9259,469
9281,495
9302,386
9324,360
9346,366
9367,456
9389,345
9411,374
9432,377
9454,459
9475,388
9497,370
9519,417
9540,356
9562,371
9584,342
9605,351
9627,373
9649,392
9670,299
9692,382
9713,370
9735,355
9757,449
9778,371
9800,340
9822,381
9843,377
9865,334
9886,493
9908,361
9930,381
9951,363
9973,316
9995,388
10016,380
10038,361
10060,381
10081,509
10103,351
10124,351
10146,391
10168,369
10189,376
10211,390
10233,383
10254,360
10276,487
10298,371
10319,371
10341,357
10362,371
10384,356
10406,371
10427,377
10449,361
10471,362
10492,358
10514,364
10535,361
10557,375
10579,373
10600,360
10622,363
10644,504
10665,373
10687,498
10709,368
10730,368
10752,365
10773,413
10795,368
10817,475
10838,379
10860,526
10882,379
10903,525
10925,383
10947,360
10968,360
10990,372
11011,507
11033,374
11055,389
11076,377
11098,316
11120,362
11141,340
11163,356
11184,358
11206,373
11228,382
11249,391
11271,368
11293,327
11314,389
11336,369
11358,392
11379,357
11401,378
11422,399
11444,517
11466,335
11487,461
11509,337
11531,378
11552,380
11574,381
11596,377
11617,349
11639,404
11660,371
11682,510
11704,442
11725,354
11747,372
11769,530
11790,366
11812,518
11834,423
11855,427
11877,367
11898,334
11920,374
11942,506
11963,373
11985,346
12007,350
12028,365
12050,421
12071,356
12093,381
12115,369
12136,331
12158,355
12180,360
12201,349
12223,380
12245,382
12266,337
12288,370
12309,372
12331,502
12353,351
12374,369
12396,376
12418,381
12439,389
12461,368
12482,361
12504,364
12526,359
12547,484
12569,399
12591,388
12612,494
12634,396
12656,356
12677,350
12699,408
12720,525
12742,363
12764,378
12785,332
12807,356
12829,300
12850,387
12872,373
12894,372
12915,351
12937,376
12958,450
12980,515
13002,429
13023,385
13045,387
13067,313
13088,351
13110,375
13131,409
13153,353
13175,364
13196,385
13218,333
13240,338
13261,378
13283,383
13305,348
13326,387
13348,474
13369,329
13391,381
13413,337
13434,357
13456,354
13478,364
13499,429
13521,329
13543,358
13564,398
13586,360
13607,366
13629,378
13651,393
13672,432
13694,332
13716,382
13737,370
13759,365
13780,327
13802,355
13824,373
13845,369
13867,373
13889,421
13910,377
13932,445
13954,491
13975,327
13997,309
14018,282
14040,314
14062,333
14083,339
14105,359
14127,364
14148,314
14170,361
14192,417
14213,387
14235,436
14256,478
14278,388
14300,411
14321,321
14343,344
14365,376
14386,424
14408,366
14429,496
14451,440
14473,335
14494,372
14516,386
14538,351
14559,340
14581,371
14603,489
14624,406
14646,387
14667,357
14689,377
14711,375
14732,314
14754,345
14776,346
14797,368
14819,356
14841,372
14862,479
14884,358
14905,371
14927,350
14949,381
14970,490
14992,470
15014,340
15035,363
15057,387
15078,374
15100,262
15122,363
15143,405
