Time_ms,Piezo
447,0
467,0
488,0
507,0
528,0
548,0
569,0
589,0
610,0
630,0
650,0
670,66
691,0
711,0
732,0
752,0
773,0
793,0
814,531
833,0
854,0
874,0
894,0
915,0
935,0
956,0
976,0
996,0
1016,0
1037,0
1057,0
1078,0
1098,324
1119,0
1139,0
1160,0
1180,0
1201,0
1221,0
1242,0
1261,0
1282,0
1302,0
1323,0
1343,0
1363,0
1384,0
1404,0
1425,0
1445,0
1466,0
1486,0
1506,0
1526,0
1547,0
1567,0
1588,0
1608,0
1629,0
1649,886
1670,0
1690,0
1711,0
1731,0
1752,0
1771,0
1792,0
1812,0
1832,0
1853,0
1873,0
1894,0
1914,0
1935,0
1955,526
1976,0
1996,0
2017,0
2036,0
2057,0
2077,0
2098,0
2118,325
2139,0
2159,0
2180,0
2200,0
2221,0
2241,0
2262,0
2282,0
2301,0
2322,0
2342,0
2363,0
2383,0
2404,0
2424,95
2445,0
2465,0
2486,0
2506,0
2527,0
2547,0
2567,858
2587,28
2608,0
2628,0
2649,0
2669,0
2690,0
2710,0
2731,875
2751,604
2771,252
2792,0
2812,0
2833,0
2853,0
2874,0
2894,0
2914,1023
2934,0
2955,0
2975,0
2996,0
3016,0
3037,0
3057,0
3078,0
3098,0
3119,0
3139,0
3160,0
3179,0
3200,0
3220,0
3240,833
3261,0
3281,0
3302,0
3322,0
3343,0
3363,0
3384,0
3404,594
3425,0
3445,0
3466,0
3485,0
3506,0
3526,0
3547,0
3567,816
3588,0
3608,0
3629,0
3649,0
3670,0
3690,0
3710,0
3731,401
3751,0
3771,0
3791,0
3812,0
3832,0
3853,0
3873,0
3894,330
3914,0
3935,0
3955,0
3976,0
3996,0
4017,0
4036,0
4057,617
4077,0
4098,0
4118,0
4139,0
4159,0
4179,0
4200,0
4220,380
4241,0
4261,0
4282,0
4302,0
4322,0
4342,0
4363,0
4383,894
4404,0
4424,0
4445,0
4465,0
4486,0
4506,0
4527,0
4547,439
4568,0
4588,0
4608,0
4628,0
4648,0
4669,0
4689,0
4710,865
4730,0
4751,0
4771,0
4792,0
4812,0
4833,0
4853,1023
4874,114
4894,0
4915,0
4934,0
4955,0
4975,0
4996,0
5016,0
5037,713
5057,0
5078,0
5098,0
5118,0
5139,0
5159,0
5180,0
5200,935
5221,0
5240,0
5261,0
5281,0
5302,0
5322,0
5343,0
5363,0
5384,409
5404,0
5425,0
5445,0
5466,0
5486,0
5506,0
5526,0
5547,0
5567,0
5587,0
5608,0
5628,0
5649,0
5669,0
5690,0
5710,0
5731,0
5750,0
5771,0
5791,0
5812,0
5832,0
5853,0
5873,0
5894,0
5914,0
5935,0
5955,0
5976,0
5995,0
6016,854
6036,0
6056,0
6077,0
6097,0
6118,0
6138,0
6159,0
6179,758
6200,0
6220,0
6241,0
6261,0
6281,0
6301,0
6322,907
6342,0
6363,0
6383,0
6404,0
6424,0
6445,0
6465,0
6486,0
6506,803
6526,0
6547,0
6566,0
6587,0
6607,0
6628,0
6648,0
6669,0
6689,482
6710,0
6730,0
6751,0
6771,0
6792,0
6812,0
6832,0
6852,766
6873,0
6893,0
6914,0
6934,0
6955,0
6975,0
6995,0
7016,863
7036,0
7057,0
7077,0
7098,0
7117,0
7138,0
7158,0
7179,0
7199,842
7220,0
7240,0
7261,0
7281,0
7302,0
7322,0
7343,0
7363,0
7383,531
7404,0
7424,0
7444,0
7464,0
7485,0
7505,0
7526,0
7546,767
7567,0
7587,0
7608,0
7628,0
7649,0
7669,0
7689,0
7709,0
7730,638
7750,0
7771,0
7791,0
7812,0
7832,0
7853,0
7873,0
7894,1023
7914,0
7934,0
7955,0
7974,0
7995,0
8015,0
8036,0
8056,560
8077,0
8097,0
8118,0
8138,0
8159,0
8179,0
8200,0
8220,0
8241,821
8261,0
8281,0
8301,0
8322,0
8342,0
8363,0
8383,0
8403,500
8424,0
8444,0
8465,0
8485,0
8506,0
8526,0
8546,0
8566,0
8587,995
8607,0
8628,0
8648,0
8669,0
8689,0
8710,0
8730,0
8751,0
8771,0
8792,0
8811,0
8832,0
8852,0
8872,0
8893,0
8913,0
8934,0
8954,0
8975,824
8995,0
9016,0
9036,0
9057,0
9076,0
9097,0
9117,0
9138,0
9158,0
9179,0
9199,0
9220,0
9240,0
9261,0
9281,0
9302,0
9321,170
9341,0
9362,0
9382,0
9403,0
9423,0
9444,0
9464,0
9485,0
9505,0
9526,0
9546,0
9567,0
9586,0
9607,0
9627,0
9648,0
9668,0
9689,1015
9709,0
9730,0
9750,0
9771,0
9791,0
9811,0
9832,0
9852,0
9872,0
9892,0
9913,0
9933,0
9954,0
9974,0
9995,0
10015,0
10036,0
10056,0
10077,966
10097,0
10118,0
10138,0
10159,0
10179,0
10200,0
10220,0
10241,0
10260,0
10280,775
10301,0
10321,0
10342,0
10362,0
10383,0
10403,0
10424,0
10444,0
10465,0
10485,806
10506,0
10526,0
10547,0
10567,0
10588,0
10608,0
10629,0
10649,0
10670,0
10690,0
10711,0
10731,0
10752,0
10772,0
10792,0
10813,0
10833,0
10853,868
10874,0
10894,0
10914,0
10935,0
10955,0
10976,0
10996,0
11017,0
11037,825
11058,0
11078,0
11099,0
11119,0
11140,0
11160,0
11181,0
11201,0
11222,1023
11242,0
11262,0
11283,0
11303,0
11324,0
11344,0
11365,0
11385,0
11406,1023
11426,0
11447,0
11467,0
11488,0
11508,0
11529,0
11549,0
11570,0
11590,0
11610,0
11630,0
11651,0
11671,0
11692,0
11712,0
11732,0
11753,0
11773,0
11794,509
11814,0
11835,0
11855,0
11876,0
11896,0
11917,0
11937,0
11958,0
11978,326
11999,0
12019,0
12040,0
12060,0
12081,0
12101,0
12122,0
12142,813
12163,0
12183,0
12204,0
12224,0
12243,0
12264,0
12284,0
12305,807
12325,0
12346,0
12366,0
12387,0
12407,0
12428,0
12448,0
12469,1023
12489,0
12510,0
12530,0
12551,0
12571,0
12592,0
12612,0
12633,0
12653,481
12674,0
12694,0
12715,0
12735,0
12755,0
12776,0
12796,982
12817,652
12837,0
12858,0
12878,0
12899,0
12919,0
12940,0
12960,0
12981,958
13001,0
13022,0
13042,0
13062,0
13082,0
13103,0
13123,0
13144,0
13164,0
13185,109
13205,0
13225,0
13246,0
13266,0
13287,0
13307,0
13328,0
13348,1023
13369,0
13389,0
13410,0
13430,0
13451,0
13471,0
13492,0
13512,0
13533,0
13553,776
13574,0
13594,0
13615,0
13635,0
13656,0
13676,0
13697,0
13716,1010
13737,0
13758,0
13777,0
13798,0
13818,0
13839,0
13859,0
13880,0
13900,894
13921,0
13941,0
13962,0
13982,0
14003,0
14023,0
14044,0
14064,0
14085,581
14105,0
14126,0
14146,0
14167,0
14187,0
14208,0
14228,0
14248,569
14269,0
14289,0
14310,0
14330,0
14351,0
14371,0
14392,849
14412,526
14433,0
14453,0
14474,0
14494,0
14515,0
14534,0
14555,0
14575,1003
14597,336
14617,0
14638,0
14657,0
14678,0
14698,0
14718,0
14739,0
14759,0
14780,249
14800,0
14821,0
14841,0
14862,0
14882,0
14903,0
14923,0
14944,0
14964,70
14985,0
15005,0
15026,0
15046,0
15067,0
15087,0
15108,0
15128,713
15149,0
15169,0
15190,0
15210,0
15230,0
15251,0
15271,857
15292,0
